"neighbourhood","Mean(price)"
"1st Arrondissement",98.93333333333334
"20 de Febrero",35.187
"2146 DARREGUEYRA",48.76
"2nd Arrondissement",199.87692307692313
"3rd Arrondissement",112
"4th Street Corridor",119.33333333333333
"5th Arrondissement",359.52
"6",19.811333333333334
"66",107.25
"6th Arrondissement",134.4
"A",23.638
"Abbey Wood",123.1285
"Abbotsford",128.85768421052632
"Abbotsford/Wareemba",38.06
"Aberfeldy Village",197.1032
"Abolição",61.875
"Abule Egba",49.653999999999996
"Achrafieh",133.28
"Acton",143.99862311557794
"Adachi District",99.65016393442622
"Adams Hill",162.65000000000003
"Adams Morgan",141.12
"Agay",11198.88
"Agencia Municipalsan Francisco Tutla",191
"Agronomía",24.513333333333335
"Aime-la-Plagne",266.56
"Aja",122.12199999999999
"Akasaka",231.9905
"Al Barsha South",237.534
"Al Kifaf",134.2
"Al Quoz 1",210.91766666666666
"Al Qusais Industrial Area 2",132.94777272727268
"Al Ras",134.2
"Alamitos Beach",168.07142857142856
"Alamitos Heights",228
"Albert Park",261.03777777777776
"Alberto Olmedo",32.51633333333333
"Alden Bridge",1473
"Aldersbrook",244.69133333333332
"Alexandria",307.6486315789474
"Algiers",142.5
"Algodoal",54.879
"Alhambra",148.300518134715
"Alizia Canyon",69.66666666666667
"Allerton",76.66666666666667
"Allston-Brighton",79
"Almagro",33.523836065573775
"Almenara",262.08
"Alondra Park",184.5
"Alphabet City",213.8290634920635
"Alphington",95.26533333333334
"Altadena",172.4578313253012
"Alto da Boa Vista",143.116875
"Alto de Pinheiros",171.02249999999998
"Altos de Búzios",247.5
"Alvear",63.8215
"Alésia",203.37099999999998
"Amberly",293
"Anaheim",146.5
"Anaheim Resort",189.89999999999998
"Anchieta",24.75
"Andaraí",33.6084375
"Anerley",167.3474
"Angel Park",289
"Anil",47.47448275862069
"Anita Garibaldi",33
"Annadale",132.5
"Annandale/Leichhardt",170.41995061728394
"Anthony",236.63933333333335
"Antibes",319.23333333333335
"Antonio Zupic 118",26.058
"Aoyama",124.86191666666666
"Arakawa District",95.3684
"Araras",90.75
"Arcadia",113.13513513513514
"Archway",238.69464864864867
"Arden Heights",199.5
"Aree",43.400203947368425
"Arlanza",235
"Arleta",94.5
"Arlington",122.5
"Arlington Heights",49.6
"Armadale",133.0562222222222
"Armenia",146.278
"Arncliffe",85.80800000000002
"Arnos Grove",152.6301333333333
"Arpoador ",14.85
"Arrochar",157
"Arrowbear Lake",130
"Art District",178.6190476190476
"Artarmon",124.56
"Artcraft Manor",188.8
"Artesia",122
"Arts District",71.51162790697674
"Aruana",32.67
"Arverne",167.3673469387755
"Asa Norte",99
"Asa Sul",46.2825
"Asakusa/Ueno",157.42937992125997
"Ashburton",115.33333333333333
"Ashfield",76.56036363636365
"Assembly Square",289
"Astoria",173.33348339483393
"Attiki",90
"Atwater Village",247.12195121951214
"Atwood",248
"Aubry at Alamitos Ridge",100
"Auburn",67.124
"Austerlitz",215.04
"Auteuil",215.22994152046786
"Avalon",359.78874074074093
"Avenida Corrientes",283.651
"Awbrey Butte",151
"Azusa",169.14634146341461
"B",20.801
"Bahria Town Phase 1",142.252
"Bairro Nova Califórnia",41.25
"Bal Harbour",896
"Balaclava/Ripponlea",172.37453846153846
"Baldwin Hills",253.03571428571428
"Baldwin Park",113.71428571428572
"Balgowlah",257.9285
"Balham",234.34302222222223
"Bali",128.02
"Ballpark distric",115
"Balmain/Birchgrove",257.6901538461538
"Balmoral",83.04
"Balneario Gaivotas",82.5
"Balneario Praia Seca",66.495
"Balneario Praia do Pernambuco",223.17428571428573
"Balneário Remanso",330
"Balvanera",32.70744215938306
"Balwyn",147.62666666666667
"Balwyn North",50.417142857142856
"Banana River Estates",150.975
"Bananeiras",61.655
"Bancroft",140
"Bancários",35.97
"Bang Kapi",24.408465753424657
"Bang Khae",32.43076923076923
"Bang Khen",27.18257142857143
"Bang Kho Laem",28.957627659574477
"Bang Khun Thian",50.3905
"Bang Na",35.66794736842105
"Bang Saen Ville",40.145
"Bang Sue",37.10699999999999
"Bangkok Noi",39.57507692307692
"Bangkok Yai",72.82158333333331
"Banglampoo",38.38542857142855
"Bangu",64.185
"Bankstown",57.51584615384614
"Barbariga",11198.88
"Barbican",233.1352222222222
"Bardwell Valley",96.88
"Barnsbury Estate",197.39600000000002
"Barra",53.595
"Barra Guaratiba",646.9649999999999
"Barra Nova",30.7725
"Barra Olímpica",53.66625
"Barra da Lagoa",28.05
"Barra da Tijuca",103.46799948506687
"Barra de Carrasco",42.548
"Barra de Guaratiba",121.08783582089555
"Barracas",39.70908333333333
"Barrio Catalinas Sur",29.128625
"Barrio Chino",28.365
"Barrio Colegiales",28.365
"Barrio Estación Buenos Aires",13.398
"Barrio Fátima - Villa 3",47.275
"Barrio Los Andes",20.801000000000002
"Barrio Los Perales",50
"Barrio Marcelo T. de Alvear",28.332
"Barrio México",64.416
"Barrio Norte",41.27012156204056
"Barrio Norte, Buenos Aires",39.210142857142856
"Barrio Padre Ricciardelli",18.91
"Barrio Rawson",27.33275
"Barrio San Pablo",33.093
"Barrio Santa Lucía",38.20725
"Barrio aguas calientes",33
"Barrio de Crespo",98
"Barro Preto",53.3775
"Barro Vermelho",39.6825
"Barros Filho",27.72
"Bas du Fort",257.6
"Bassett",113.99999999999999
"Bastille",290.26553535353537
"Bath Beach",142.08333333333334
"Batignolles",195.01999999999995
"Battersea",386.5694812680115
"Battersea Park",253.638
"Battery Park City",480
"Bay Ridge",127.70588235294117
"Baychester",101.64285714285712
"Bayside",116.41666666666667
"Bayswater",316.8448712871289
"Beaconsfield",97.8488
"Beckenham",74.481
"Bedford Park",54.87500000000001
"Bedford-Stuyvesant",372.51765404836976
"Bel Air",648.2962962962964
"Bel Air/Beverly Crest",1458.6046511627906
"Bel-Air",53
"Bela Vista",141.59430769230772
"Belfield",692
"Belgrano",46.31907258064515
"Belgrano Residencial",52.036690909090915
"Belgravia",550.8373199999999
"Bell",68.66666666666667
"Belle Harbor",232
"Belleville",237.104
"Bellevue Hill",362.1998974358974
"Bellflower",99.5
"Bellingham",148.7768965517241
"Belmont",126.5
"Belmont Heights",233.41666666666666
"Belmont Park",209.04761904761904
"Belmont Shore",271.8085106382978
"Belsize Park",325.0518877887788
"Benfica",18.8925
"Benito Juárez",103.45400000000001
"Benning Ridge",95
"Bensonhurst",117.37142857142858
"Bentleigh",248.32914285714284
"Bento Ribeiro",17.30142857142857
"Bercy",386.52852459016395
"Bergen Beach",219.7142857142857
"Bergen-Lafayette",143.66666666666666
"Bermondsey",230.63674418604646
"Bethany",125
"Bethnal Green",180.37124358974373
"Beverly Crest",615
"Beverly Glen",572.6
"Beverly Hills",602.9459459459458
"Beverlywood",241.14285714285714
"Bexley",70.1688
"Bigorrilho",313.5
"Billingsgate",315.37
"Birchgrove",130.096
"Bixby Hill",236
"Bixby Knolls",271.4
"Bixby North",185.44444444444446
"Black Mountain",21.1796
"Blackheath",242.23100000000002
"Blackstone Estate",199.836
"Blair Hills",235.73333333333335
"Blanco - Culver Crest",155.20000000000002
"Bloomsbury",358.22453333333334
"Bluff Heights",204.52941176470588
"Bluff Park",376.5
"Boedo",77.56084210526315
"Boerum Hill",350.38028169014075
"Bom Fim",82.5
"Bondi",179.7736666666667
"Bondi Beach",220.26238596491226
"Bondi Junction",181.01263157894738
"Bonfim",132
"Bonsucesso",16.601538461538464
"Borough Park",112.14285714285714
"Bosque",79.65375
"Botafogo",62.79494075829383
"Botany",76.12
"Boulevard Heights",270
"Bounds Green",174.45999999999998
"Bourgogne",213.92
"Bourse (II Arrondissement)",336
"Bow",164.69347157190634
"Boyle Heights",138.82608695652175
"Bracuí",92.07
"Braga",101.3925
"Bransford Avenue",52
"Breakfast Point/Cabarita",210.82933333333335
"Brentwood",617.736037735849
"Brera",171.60899999999998
"Briarwood",19.856
"Brickell",250.32255555555554
"Bridge",209.352
"Bridge Plaza",275.27272727272725
"Brighton",216.33650000000003
"Brighton Beach",108.61538461538463
"Brighton-Le-Sands",116.53279999999998
"Brixton",135.7432191780822
"Brixton Hill",172.14396774193554
"Broadway Triangle",427
"Brockley",125.32788888888889
"Brockmont",104
"Bromley-by-Bow",137.09368750000002
"Bronte",286.2215593220339
"Bronxdale",48
"Bronzeville",67
"Brookline",963.2
"Brooklyn",88.33333333333333
"Brooklyn Heights",260.5063291139241
"Brooklyn Navy Yard",70
"Brownsville",137.37254901960782
"Brunswick",68.39491050583659
"Brás",28.215
"Brás de Pina",19.68214285714286
"Buckhead",801
"Buckley",81.5
"Buena Park",1409
"Bueng Kum",59.5014
"Bulls Head",138.83333333333334
"Bungalow Heaven",187.0769230769231
"Bunkyo District",98.04504347826091
"Buraquinho",30.36
"Burbank",290.603305785124
"Burnley",145.89666666666665
"Burtonport",93.94
"Burwood",85.28899999999999
"Bushwick",135.95334429400367
"Bushwood",163.2766666666666
"Butterfield Ranch",243.66666666666666
"Buttes-Chaumont - Belleville",172.7240628930818
"CITE FLN - 2eme TRANCHE",176.4
"CMV Artilleros y Pampa",96.03466666666667
"CMV Irala I",17.019
"Caballito",31.544723684210528
"Cabo Branco",135.105
"Caborê",48.345
"Cachambi",36.40676470588235
"Cachoeira do Bom Jesus",45.3842
"Cacuia",28.215
"Cahuenga Pass",410.52272727272725
"Caieira",51.315
"Caimbé",28.05
"Caiçaras",110.044
"Caju",57.75
"Cajueiro",39.6
"Calabasas Highlands",172.5
"Calabasas Hills",188
"Calabasas Park",155
"Calhoun Isles",109.395
"Calica",320.5
"California Heights",206.77777777777777
"Calle Riobamba",25.84884615384615
"Camas",175.84
"Camberwell",146.30643902439027
"Cambodia Town",304
"Cambria Heights",43
"Cambrian/Pioneer",256.322
"Cambridge",298.7213622291022
"Camburi",26.4
"Camden Town",308.1636438356166
"Camelback East Village",194
"Cammeray",490.974
"Camorim",89.24060869565213
"Camp d'en Grassot i Gràcia Nova",205.61625000000006
"Camperdown",241.8743529411765
"Campestre/Guadalupe Inn",206.908
"Campinho",20.196
"Campo Grande",31.934374999999996
"Campo Marzo",165.76
"Campsie",70.93
"Can Baro",64.16
"Canal Saint-Martin",182.9719540229885
"Canarsie",144.74657534246577
"Canasvieiras",52.596000000000004
"Canela",29.37
"Canggu",169.7355
"Cannaregio",304.64
"Cannes",244.53062500000001
"Canning Town",335.5
"Canoga Park",181.83783783783775
"Canonbury",190.68241176470588
"Canonbury ",127.49
"Canterbury",75.88933333333333
"Canyon Country",207.89130434782606
"Cap Estate",67.1
"Capitol Hill",200
"Capivari",23.8425
"Capucins - Victoire",140
"Carlson Park",223.55555555555557
"Carlton",111.90537037037033
"Carlton North",108.0149090909091
"Carmel",99.8523076923077
"Carmel Woods",306.88
"Carnaby",527.8524878048781
"Carnegie",81.65599999999999
"Carnelian Bay",296
"Carniel",165
"Carroll Gardens",274.6206896551724
"Carroll Park",100
"Carson",83.53125
"Carson Park",97.60000000000001
"Casa Amarela",73.095
"Casa Chomthian Village",63.333
"Casa Grande",167.90909090909093
"Casale del Pozzo",268.4
"Cascadura",36.465
"Cascatinha",52.346250000000005
"Castello",234.752
"Castle Cove/Middle Cove",131.01866666666666
"Castle Heights",162.3225806451613
"Castlecrag",92.26666666666667
"Castleton Corners",187
"Castropol",59.5
"Catalina Villas",154.64583333333334
"Catete",44.56893442622951
"Catford",122.28975
"Cathedral Hill",468.75
"Catumbi",30.877000000000002
"Caulfield",129.09870588235293
"Cavalcante",15.18
"Cavalinho Branco",29.37
"Cazenove",187.88
"Cañada del Carmen",105.357
"Cedar Crest",147
"Cedar Glen",621
"Cedarpines Park",153
"Centennial",195
"Centennial Hills",110
"Central",33.201
"Central Austin",166.076
"Central Beach Alliance",231.75
"Central Business District",155.20903265306114
"Central City",304.38461538461536
"Central Fort Lauderdale",236.5
"Central LA",343.48845126548247
"Central Malibu",675.2142857142857
"Central Minneapolis",209
"Central Oklahoma City",180
"Central Vancouver",482.16
"Central West End",328.79
"Centro",40.201564320388385
"Centro Direzionale",55.022
"Centro Histórico",287.0175
"Centro Storico",252.296
"Centro de Apoio I (Alphaville)",60.39
"Century City",348.59999999999997
"Cerqueira César",200.62900000000002
"Cerritos",57
"Chacarita",31.702108882521483
"Chalk Farm",139.71711111111108
"Champs-Elysées",334.0038027210886
"Chaperó",33
"Charleston",119.5
"Charter Oak",182.3170731707317
"Chatswood",112.31692307692306
"Chatswood West",66.259
"Chatsworth",225.76470588235296
"Chatuba",36.96
"Chatuchak",45.76211842105263
"Chelsea",306.71634416826004
"Chesterfield Square",219
"Cheviot Hills",413
"Chevy Chase",358.75
"Chicó Norte",107.14666666666666
"Chinatown",114.29642011834315
"Chingford",60.39
"Chino Canyon",220
"Chippendale",127.44333333333331
"Chiswick",256.410077294686
"Chiyoda District",166.18554878048792
"Chobham Manor",307.2285333333333
"Chom Thong",28.012375000000002
"Christian Park",156
"Churchill Gardens",168.76806896551722
"Chácara Bela Vista",22.242
"Chácara Entrerios",41.085
"Châtelet - Les Halles - Beaubourg",297.37617888198736
"Chūō District",120.25986538461535
"Cidade Monções",50.7485
"Cidade Nova",41.002500000000005
"Cidade Universitária da Universidade Federal do Rio de Janeiro",14.85
"Cihangir",128.52
"Cite des Freres",271.04
"Citrus Grove",219.59375000000006
"City Areal",61.05
"City Center",77.758
"City Island",171.25000000000003
"City of London",268.08110891089115
"City of Westminster",255.55164705882345
"Cité Ennour",224
"Ciutat Vella",272.72
"Civic Center",177.66666666666666
"Clairemont",73.85714285714286
"Clapham",201.49987234042555
"Clapham Park",80.52
"Clapham Town",637.45
"Clapton",237.4081875
"Claremont",106.04761904761905
"Clarkdale",179.65000000000003
"Clarksville",170
"Clason Point",121.18749999999999
"Claverack",70
"Clear Water Bay",71.91966666666667
"Clearwater Beach",363.2142857142857
"Clementi",83.74799999999999
"Clerkenwell",383.10857249070654
"Cleveland Heights",250
"Clifton",188.16666666666666
"Clifton Hill",142.26705882352942
"Clinton Hill",196.59016393442627
"Clovelly",281.99
"Cobble Hill",287.75
"Coburg",133.71882352941176
"Cocomarindo",105
"Coelho Neto",17.325
"Coghlan",89.08272727272728
"Coldharbour Estate",208.01
"Cole",105
"Colegiales",106.34519580419581
"Coleridge Gardens",328.119
"Colgate Center",495
"College Park, MD",200
"College Point",119.64285714285715
"Colliers Wood",228.14
"Collingwood",170.7702222222222
"Collingwood/Fitzroy",145.08933333333334
"Colonia San Jose",74
"Columbia Street Waterfront",209.33333333333334
"Columbia Street Waterfront District",357.5
"Colégio",74.58
"Commerce",156.8
"Commerce - Dupleix",272.70936111111115
"Complejo de Edificios Constitución Almagro",22.2195
"Complejo de Edificios Pampa",20.486
"Complejo de Edificios Plaza Oeste",14.183
"Complexo da Maré",55.6875
"Compton",70
"Conceição de Jacareí",63.40125
"Concord",167.184
"Concourse",76.54545454545456
"Concourse Village",155.72727272727275
"Condesa",113.6825
"Condomínio Rivieira do Lago ",30.36
"Condomínio Terras de São José I",65.835
"Coney Island",116.4705882352941
"Consolacao",175.395
"Consolação",203.313
"Constitución",27.599153846153847
"Continuación de calle Nuñorco, alt al 1900",52.948
"Convention Center",190
"Coogee",203.49285185185192
"Coolalta",348.92
"Cooper-Young",128
"Copacabana",75.66440775364278
"Coqueiros",60.9675
"Coral Way",150.42857142857147
"Coração de Jesus",62.37
"Cordovil",29.535
"Corona",102.58333333333334
"Corona Del Mar",1205.5
"Cortes",229.9098
"Cosme Velho",92.15642857142858
"Cosmos",28.6275
"Costa Coral",79
"Costa Mesa",308.25
"Costazul",63.195
"Country Hills",246
"Courtyard 2E",335.5
"Covent Garden",412.9200295202953
"Coventry",255
"Covina",75.66666666666667
"Cow Hollow",900
"Cremorne",163.8245925925926
"Crenshaw",190.33333333333334
"Crescent City North",150
"Crescenta Highlands",288.3333333333333
"Crest Park",171
"Cricklewood",198.61599999999999
"Crocker Amazon",170
"Croissant Park",96
"Cronulla",226.68463157894735
"Crouch End",232.837
"Crown Heights",184.22512249443204
"Crown Ridge",356
"Crows Nest",323.0256
"Croydon",83.61666666666667
"Crystal Palace",125.86841666666669
"Cuiabá",40.3425
"Culcommon",35.145
"Culver - West",201.29032258064512
"Culver City",200.9157894736842
"Curicica",41.58767441860466
"Cypress Hills",139.1827956989248
"Cypress Park",121.8
"Córcega",97
"D",17.151
"DUMBO",194.54545454545453
"Da'an",318.1992
"Dalston",175.40076923076919
"Daly City",99
"Dana Point",254
"Darling Point",361.81714285714287
"Darlinghurst",460.56686614173225
"Darlington",133.556
"De Beauvoir Town",187.73088888888893
"Deals Gateway",168.21275862068967
"Defensa",11.346
"Del Castilho",32.82125
"Del Rey",190.33846153846162
"Delthorne",78.24999999999999
"Demun",229.66666666666666
"Denpasar",165.388
"Departamento 805",27.42
"Deptford",154.41387500000002
"Desert Park Estates",427
"Desert View Village",106
"Deux Plateaux",61.6
"Diagonal Mar - La Mar Bella",194.94588235294117
"Din Daeng/Huai Khwang",53.20723114754095
"Discovery Bay",43.4
"Ditmars / Steinway",94.36842105263158
"Ditmars Steinway",144.81250000000003
"Docklands",226.0359245283019
"Dog Kennel Hill Estate",174.46
"Don Mueang",29.305979166666663
"Dongan Hills",102.33333333333333
"Dorp Soto",80.64
"Double Bay",194.31933333333333
"Douglaston",176
"Downey",130.09999999999997
"Downham",43.51914285714285
"Downtown",217.8552036199095
"Downtown Anaheim",140.83333333333331
"Downtown Austin",244.3125
"Downtown Brooklyn",220.99999999999997
"Downtown Core",69
"Downtown Jersey City",425.25
"Downtown Los Angeles",190.31799356223158
"Downtown Menlo Park",252
"Downtown Mesa",606
"Downtown Miami",80.04966666666667
"Downtown North",230
"Downtown Palm Springs",298
"Downtown Riverside",389.5
"Downtown San Jose",154
"Downtown Seattle",154
"Downtown South",440.2
"Doña Justa",61.458
"Dreta de l'Eixample",284.8261658841939
"Drummoyne",146.50628571428572
"Drutamy",132.172
"Duarte",125
"Dubai Festival City",93.775
"Dubai Marina",133.86672727272733
"Dublin Docklands",174.19160000000002
"Duckett's Green",215.31047999999998
"Dulwich",179.157
"Dulwich Estate",161.04
"Dulwich Hill",92.4512
"Dulwich Village",171.87923076923076
"Dumbo",346.29999999999995
"Dupont Park",156.5
"Duque De Caxias",62.37
"Dusit",39.114914285714285
"Dutch Kills",172
"Dyker Heights",125.62500000000001
"EDIFICIO STUDIOS",90.98481818181817
"Eagle Rock",175.734375
"Ealing",194.03083333333336
"Ealing Common",93.94
"Earl's Court",251.8486666666667
"Earls Court",357.2836903225806
"Earlsfield",136.99583333333334
"Earlwood",97.26444444444444
"East Austin",295
"East Avenue",463.5
"East Beach",489.6666666666667
"East Boston",185.196
"East Bronx",117.90999999999998
"East Central",410
"East Cesar Chavez",179
"East Clayton",197.274
"East Downtown",95
"East Dulwich",208.06834782608695
"East Elmhurst",138.66666666666666
"East Flatbush",125.95081967213119
"East Ham",112.72800000000001
"East Harlem",141.9125000000001
"East Hollywood",133.991935483871
"East Los Angeles",129.56363636363636
"East Melbourne",262.9225945945946
"East Naples",280
"East New York",162.64039408866992
"East Riverside - Oltorf",160.875
"East Rock",350
"East San Gabriel",74.78125
"East Sheen",181.74514285714287
"East Side",180
"East Side Costa Mesa",451.5714285714286
"East Village",237.19365060240966
"East Williamsburg",195.94444444444446
"Eastchester",129.33333333333334
"Eastern Malibu",1285.60606060606
"Eastmoor",240
"Eastside",164.622641509434
"Eastvale Downs",144.42857142857142
"Eastwood",128.02
"Ebisu/Daikanyama",343.16765
"Echo Park",175.67234042553196
"Edenvale",449
"Edenwald",94.4375
"Edgecliff",1038.346
"Edgehill",212.25
"Edgewater",221.30812500000002
"Edgewood",166
"Edmonton",63.45742857142857
"Edogawa District",141.6926666666667
"Effra Gardens ",174.46
"Eixample",153.33818181818182
"El Aguasal",43.7295
"El Baix Guinardó",119.89090909090908
"El Besòs i el Maresme",108.72
"El Born",93.40121212121217
"El Camp de l'Arpa del Clot",129.1027027027027
"El Clot",136.53433962264157
"El Coll",124.88000000000001
"El Congrés i els Indians",110.88
"El Dorado Park",234
"El Dorado South",242
"El Gouna",126.148
"El Gòtic",195.91771428571437
"El Miradero",189.77777777777777
"El Monte",150.74074074074073
"El Poble-sec",269.2006266318538
"El Poblenou",219.3563076923076
"El Porto",377.391304347826
"El Putget i Farró",143.92
"El Rancho",154.54545454545453
"El Raval",148.19381263616552
"El Refugio",74
"El Remanso",34.35366666666667
"El Segundo",197.75675675675677
"El Sereno",82.29411764705883
"El Tesoro",44.165
"El Viso",196
"Elephant Park",281.82
"Elephant and Castle",212.47665671641792
"Elizabeth Bay/Rushcutters Bay",340.03045783132524
"Elizabethport",187.5
"Elm Park",63
"Elmhurst",60.17518248175184
"Elmwood",479
"Eltingville",117
"Elwood",174.39507199999994
"Elysian Valley",90.16666666666667
"Embarcadero",407.1818181818182
"Encantado",33
"Encarnação",383.812
"Encino",338.8421052631578
"Engenheiro Leal",33.825
"Engenheiro Passos",94.215
"Engenho Novo",17.708382352941175
"Engenho da Rainha",8.91
"Engenho de Dentro",39.986896551724136
"Enighed",141.12
"Enseada Azul",131.67
"Enseada da Pinheira",16.005
"Entre Piso 115",37.82
"Entre calles Mejico y Chile ",113.46
"Erskineville",147.77326315789475
"Escobar",112.28571428571429
"Esquina Avenida Independencia",30.392
"Esquina Carlos Calvo",26.616
"Esquina Monroe",33.093
"Estacio",47.784000000000006
"Estoril",60.8025
"Estácio",3331.9769999999994
"Eureka Valley",582
"Exposicao",55.0275
"Extensão Serramar",33.33
"Fabron",939.68
"Faircrest Heights",932
"Fairfax",227.51282051282053
"Fairlight",316.6765
"Far North Dallas",277
"Far Rockaway",157.70000000000002
"Farringdon",200.3094761904762
"Fazenda Deus Esteja",320.595
"Fazenda Inglesa",41.25
"Feldheym",266.25
"Fenway/Kenmore",496.53999999999996
"Ferndale",101.65650000000001
"Fernwood",281.70270270270265
"Ferrugem",64.675
"Fieldston",67
"Financial District",357.6063829787234
"Finsbury",491.172
"Finsbury Park",200.57651955307264
"Fish Island",178.80808
"Fitzrovia",457.93530739299604
"Fitzroy",197.99410169491532
"Fitzroy North",120.97418181818183
"Five Dock",80.27199999999999
"Five Points",161
"Flagey",297.2715789473684
"Flamengo",53.2437078651685
"Flatbush",112.65703971119132
"Flatiron District",410.44999999999993
"Flatlands",120.40350877192981
"Flean More",422.242
"Flemington",105.42353846153846
"Floral Park",227.5
"Florence-Graham",110.95
"Florentin",522.48
"Flores",27.247687499999998
"Floresta",54.989
"Flushing",123.21500000000002
"Fo Tan",193.248
"Footscray",106.24731707317075
"Fordham",68.5
"Fordham Heights",106.89999999999999
"Fordham Manor",65.16666666666667
"Forest Gate",70.35914285714284
"Forest Hill",112.15285714285714
"Forest Hills",171.73076923076925
"Forest Lodge",121.273
"Formoso",93.06
"Fort Greene",175.6363636363636
"Fort Hamilton",162.55555555555557
"Fort Wadsworth",55
"Fox Hills",280.47666666666663
"Foxhurst",158.4
"Frade (Cunhambebe)",70.62
"Frederiksberg",228.48
"Freguesia (Ilha do Governador)",26.93625
"Freguesia (Jacarepaguá)",23.595
"Freguesia de Jacarepaguá",81.61499999999998
"Fremont Park",270.5
"French Quarter",487
"French Riviera",176.96
"Fresh Meadows",83.66666666666667
"Frick",100.66666666666667
"Friedrichshain",126.292
"Friendly Hills",560.5
"Fréjus",355.04
"Fulham",381.7740584795327
"Funcionários",52.8
"Furzedown",123.464
"Fushimi-ku ",58.072875
"Galway ",89.914
"Gambetta",236.69333333333333
"Gamboa",40.66071428571428
"Gamle Oslo",134.87099999999998
"Garatucaia",31.185
"Garden Grove",131.66666666666666
"Garden Lakes",367
"Gardena",84.52380952380952
"Gardendale",250
"Gardner",87
"Gardênia Azul",24.915
"Gare de Lyon",150.72749999999994
"Gare du Nord - Gare de I'Est",201.70664021163995
"Garfield",176
"Garrison",221.5
"Garvey",137.5288461538461
"Gateway District",476.8222222222221
"Gbagada",131.516
"Geriba",339.57000000000005
"Gerritsen Beach",157
"Gesylândia",33
"Ghanatown",120.78
"Giudecca",207.2
"Gladesville",156.8072
"Glassell Park",164.725
"Glebe",139.28422222222218
"Glen Avon",67.57142857142858
"Glen Iris",150.164
"Glen Park",119.66666666666667
"Glendale",175.25520833333337
"Glendora",114.36842105263158
"Glenwood",145.94285714285712
"Globe Town",143.18107692307692
"Glòries - El Parc",178.2106666666667
"Glória",48.15171428571427
"Gold Coast",367.708
"Golden Hill",179
"Golders Green",171.5842857142857
"Goose Hollow",72.8
"Gowanus",184.93220338983048
"Goya",75
"Grace Park",312.686
"Grachtengordel",108.702
"Grafton Street/St. Stephens Green",633.424
"Grajau",35.48678571428572
"Grajaú",27.493125
"Gramercy Park",149.55
"Granada Hills",285.7857142857144
"Granada Hills North",248.66666666666663
"Grand",199.58333333333334
"Grand Central",189.33333333333331
"Grandview",158.60000000000002
"Graniteville",99
"Grant City",34.75
"Grasmere",120
"Gravesend",116.94444444444444
"Grays Ferry",178
"Great Kills",147
"Great Park",74
"Greater Mulwood",151
"Greater South River City",76.5
"Green Valley",155
"Green Valley North",786
"Greenbriar",175.57142857142858
"Greenbush",600
"Greenpoint",281.33155080213885
"Greenville",78
"Greenwich",193.49046153846155
"Greenwich Village",341.8611111111111
"Greenwood Heights",150.3076923076923
"Gros-Caillou",217.5157894736842
"Grove Park",118.67114285714284
"Grumari",46.2825
"Grymes Hill",146
"Gràcia",89.88
"Guadalupe",32.175
"Guaratiba",137.4386538461539
"Guilford Hills",225
"Guilhermina",27.885
"Guinardó",166.9458823529412
"Guéliz",115.412
"Gávea",95.55122950819676
"H Street Corridor",499
"Haberfield",103.8
"Hackney",213.64022988505738
"Hackney Wick",133.1935
"Haggerston",146.00462962962962
"Haiku",122.915
"Hallfield Estate",199.287
"Hamilton Heights",112.46086956521735
"Hammersmith",240.4199238095237
"Hampstead",338.61396116504847
"Hanwell",148.00342857142857
"Harajuku",437.5
"Harbor",156.6774193548387
"Harbor City",124.82142857142857
"Harbor Gateway",73.58333333333331
"Harbor Gateway North",285.7
"Harlem",168.6893732970027
"Harlow",264
"Harringay",80.52
"Harringay Ladder",210.8554854771784
"Hastings Ranch",291
"Haut Saint-Gilles",168
"Hawaii Kai",97
"Haway",28.875
"Hawthorn",148.54733333333328
"Hawthorne",117.48623853211006
"Hayden Tract",134
"Haymarket",167.65938823529413
"Hazard",180
"Hazelwood",1018
"Hell's Kitchen",193.33101045296172
"Hendon",187.12512499999997
"Hermon",136.25
"Hermosa Beach",239.15000000000003
"Herne Hill",193.3849387755102
"Higashiyama-ku",133.245
"Higashiyodogawa-ku",190.15655555555557
"Highbridge",101.69999999999999
"Highbury",288.53
"Highbury East",389.18
"Highbury Square",167.75
"Highgate",227.0171020408163
"Highland Oaks",385
"Highland Park",182.50505050505043
"Higienópolis",73.32600000000001
"Hillcrest",78.76470588235296
"Hillsboro West End",330
"Hillsdale/Eastgardens",92.901
"Hillside",194.66666666666666
"Hilo",279.1066666666667
"Hipódromo",97.53999999999999
"Historic Highlands",242.5
"Historic South Central Los Angeles",112
"Historic Tennis Club",400
"Hither Green",110.3124
"Holborn",274.4226341463415
"Holland Park",1726.4570400000007
"Holly",84.72
"HollyGlen",149.6
"Hollywood",147.13646532438486
"Hollywood Hills",380.08032128514077
"Hollywood Hills West",821
"Hollywood Lakes",10
"Hollywood South Central Beach",1519.576038461539
"Homebush",110.72
"Homecrest",175.55555555555554
"Homerton",262.40573333333333
"Honor Oak",120.77999999999999
"Honório Gurgel",21.285
"Horta",92.512
"Hotel District",179
"Howard Beach",113
"Hoxton",108.33600000000001
"Hudson Square",312.6
"Humaitá",75.94714285714285
"Hunter Hills",46.86
"Hunter's Ridge",216
"Hunters Glen",63
"Hunters Hill",311.4
"Huntington Beach",168.4
"Huntington Park",145
"Hunts Point",53.684210526315795
"Hurlstone Park",141.514
"Hurstville",87.15129411764705
"Hyde Park Estate",381.79900000000004
"Hôtel de Ville - Quinconces",110.88
"II Arrondissement",516.090505050505
"III Arrondissement",229.74839116719224
"IV Arrondissement",239.99111111111105
"IX Arrondissement",112
"Ibiza",171.65414141414138
"Icaraí",43.1475
"Idyllwild",612
"Iguaba Pequena",74.25
"Iguaçu",21.45
"Ikate",234.85
"Ikebukuro",138.7745833333333
"Ikeja GRA",173.118
"Ikoyi",348.92
"Ikuno-ku",63.567
"Ilasamaja",201.3
"Ilha da Madeira",74.25
"Ilha de Guaratiba",30.855
"Ilha de Paquetá ",99
"Ilha do Governador",36.63
"Imperial",428.098
"Incline Village",301
"Independência",121.58210526315789
"Indian Beach/Sapphire Shores",207
"Indianópolis",37.785
"Indische Buurt",167.75
"Ingleses Norte",72.765
"Inglewood",135.27472527472526
"Inglis Barracks",127.49
"Inhauma",18.15
"Inhaúma",14.025
"Inhoaíba",32.67
"International District",154.33
"Invalides - Ecole Militaire",282.10034615384603
"Inwood",83.07692307692308
"Ipanema",112.57467139479907
"Ipiranga",68.376
"Ipiranguinha",16.5
"Ipê",53.955
"Irajá",23.624117647058828
"Iriri",150.81
"Irvine",241.42857142857142
"Irvine Business Complex",242.66666666666669
"Irvine Spectrum Center",274
"Irwindale",79.8
"Island of Hawaiʻi",322.557024390244
"Islandview",429
"Isle of Dogs",191.84591044776116
"Islington",273.6352180451129
"Itabashi District",103.41501333333333
"Itacuruçá",47.519999999999996
"Itaim Bibi",85.8
"Itaipava",143.187
"Itaipu",66
"Itajubá",66
"Itanhangá",110.11077464788733
"Itapoã",23.0175
"Itapuã",41.61875
"Itaúna",56.155
"Ivan Vazov",89.6
"Ixelles",203.984
"Jabaquara",41.063
"Jacarepaguá",56.15139823008843
"Jacaroá",367.125
"Jackson Heights",185.27777777777774
"Jaconé",19.8
"Jaffa",76.494
"Jamacha-Lomita",167
"Jamaica",134.33850493653023
"Japantown",319.70399999999995
"Jardim America",13.365
"Jardim Atlântico Central",31.845
"Jardim Atlântico Leste",292.71000000000004
"Jardim Botânico",90.19697802197803
"Jardim Caiçara",33
"Jardim Camburi",49.5
"Jardim Carioca",23.165999999999997
"Jardim Dom Bosco",127.71
"Jardim Europa",46.2
"Jardim Guanabara",39.555
"Jardim Guaratiba",181.335
"Jardim Martineli",25.74
"Jardim Paulista",87.0375
"Jardim Pero",32.505
"Jardim Salaco",114.675
"Jardim Sulacap",57.75
"Jardin Botânico",28.6
"Jardins De Carthage",243.5377777777778
"Jatiúca",35.805
"Jean-Médecin",131.4465
"Jefferson",107.25
"Jefferson Park",301
"Joana Darc",79.695
"Jordaan",356.517
"Jorge Newbery",69.69800000000001
"Journal Square",497.25
"Joá",343.8984259259259
"Jrd Araras",52.8
"Jumeirah 1",245.88476923076922
"Jurerê",46.585
"Jurerê Internacional",412.5
"Justicia",2024.1
"Józsefváros - District VIII.",169.42666666666665
"Kaanapali",1209.6
"Kailua/Kona",121
"Kalihi Valley",35.666666666666664
"Karaköy",388.9116
"Kato Paphos",280.478
"Katsushika District",152.62374509803928
"Kauaʻi",407.984
"Kennington",197.84914285714282
"Kensal Green",55.022
"Kensington",357.6875907335907
"Kentish Town",119.58711111111111
"Ker Châlon",395.36
"Kew",170.52857142857144
"Kew Garden Hills",69.5
"Kfar Shalem",200
"Khan Na Yao",37.2
"Khlong Tann, Khlong Toei",77.5
"Khok Hang Wang",37.2
"Kihei/Wailea",622.5714285714286
"Kilburn",136.6156
"Killarney Heights",124.09866666666666
"Kings Cross",338.1606608695652
"Kingsbridge",123.33333333333333
"Kingsbridge Heights",78.5
"Kingsbury Circle",220.088
"Kingsford",157.603
"Kingsgrove",80.27199999999999
"Kingston Vale",80.52
"Kingswood Estate",76.494
"Kipling Estate",171.60825
"Kips Bay",214.91428571428574
"Kirribilli/Milsons Point",227.89866666666666
"Kita District",118.0054206896552
"Klong Toey",69.43949898989902
"Knightsbridge",285.98668807339465
"Kogarah",71.622
"Kogarah Bay/Carss Park",96.53399999999999
"Kolonaki",267.9466666666666
"Komalapuram",212.67466666666667
"Konohana-ku",189.08213333333333
"Koreatown",133.61224489795916
"Koto District",97.956096
"Kpondehou 1",151.2
"Kreuzberg",156.8
"Kungsholmen",44.2175
"L'Antiga Esquerra de l'Eixample",251.83395486935868
"L'Eixample",448
"LB of Barking and Dagenham",107.55799999999999
"LB of Barnet",182.96309243697482
"LB of Bexley",104.57005263157896
"LB of Brent",194.54948523206747
"LB of Bromley",118.4573076923077
"LB of Camden",197.48046153846158
"LB of Croydon",94.94123529411769
"LB of Ealing",173.70573722627736
"LB of Enfield",155.77174324324324
"LB of Hackney",160.17552873563216
"LB of Hammersmith & Fulham",162.382
"LB of Haringey",159.2046176470588
"LB of Harrow",106.78219444444443
"LB of Havering",134.049025
"LB of Hillingdon",120.0175
"LB of Hounslow",203.6889005235602
"LB of Islington",177.9050476190477
"LB of Lewisham",167.75
"LB of Merton",122.18393846153849
"LB of Newham",149.82025581395342
"LB of Redbridge",144.4554189189189
"LB of Richmond upon Thames",192.91799999999995
"LB of Southwark",156.05542857142856
"LB of Sutton",120.46644859813088
"LB of Tower Hamlets",166.48255555555556
"LB of Waltham Forest",139.6146782608695
"La Barceloneta",140.28491228070175
"La Blanca, San Marcos",110.88
"La Boca",57.70324137931034
"La Canada Flintridge",307.22222222222223
"La Chapelle",160.85804651162786
"La Concordia",117
"La Corniche",134.4
"La Cougourdière",166.88
"La Crescenta-Montrose",171.8181818181818
"La Florida",190.21749999999997
"La Font d'en Fargues",567.1999999999999
"La Guineueta - Canyelles",67.2
"La Jolla",207.34
"La Maternitat i Sant Ramon",118.42526315789475
"La Mérie",156.8
"La Nova Esquerra de l'Eixample",216.30371681415934
"La Paternal",17.409
"La Plage",134.4
"La Puente",170.83333333333334
"La Sagrada Família",212.59179487179503
"La Sagrera",70.784
"La Salut",161.12864864864866
"La Sarrasine",526.4
"La Teixonera",111.25333333333333
"La Trinitat Vella",161.28
"La Valette",168
"La Vall d'Hebron",109.76
"La Verneda i La Pau",80.76444444444444
"La Vila Olímpica",357.5402816901408
"La Villette",133.19786666666664
"Laconia",281.4
"Ladbroke Grove",201.3
"Lago norte ",22.935
"Lagoa",121.62255319148935
"Laguna Beach",74
"Lak Si",29.725192982456136
"Lake Balboa",285.92682926829286
"Lake View Terrace",114.99999999999999
"Lakehead",365
"Lakewood",101.85714285714285
"Lakewood Mutual",144.76923076923077
"Lakewood Village",191
"Lamanda Park",175.62686567164175
"Lambeth",8053.424163265305
"Landstraße",64.35
"Lane Cove",150.6672727272727
"Lantau Island",205.326
"Lapa",42.57858008658009
"Laranjeiras",60.654634615384595
"Larissis",143.594
"Larkhall",200.85266666666666
"Las Lilas-Villa Rosa",35.116
"Las Vertientes",73.6975
"Las Victorias",26.281
"Lat Phrao",65.9525
"Laurel Canyon",749.4290315789475
"Laurelton",105
"Lawndale",271.5
"Le Charvet",115.36
"Le Goas",225.12
"Le Grand Carteron",120.4
"Le Marais",229.88910424469384
"Le Panier",187.82400000000004
"Le Port",1008
"Le Praz de Lys",280
"Le Vila",98.56
"Le Villard",151.2
"Leamouth Peninsula",240.74666666666667
"Leblon",103.1325423728814
"Lee",97.45476190476188
"Lefferts Garden",130.85000000000002
"Lefferts Manor Historic District",132.77777777777777
"Leimert Park",144
"Leith",201.3
"Lekki Penninsula II",194.29257142857145
"Lekki Phase I",194.9255
"Leme",63.669571428571444
"Lenox",91.21428571428571
"Les Archives",66.08
"Les Corts",219.86844444444438
"Les Corts (Nabe)",202.19111111111116
"Les Minguets",308
"Les Plans",157.92
"Les Tres Torres",113.34400000000001
"Lev HaIr",183
"Lewisham",122.40479411764709
"Leyton",100.11319999999999
"Leytonstone",102.21566666666666
"Libération",72.8
"Lidcombe",62.453
"Lido",369.05
"Lighthouse HIll",250
"Lillington and Longmoore Gardens",593.59344
"Lilyfield/Rozelle",157.81670588235295
"Limehouse",387.41517808219186
"Lincoln",128.125
"Lincoln Heights",135.83999999999995
"Lindenwood",82
"Liniers",89.86666666666667
"Lins de Vasconcelos",19.8
"Lisboa",22.692
"Lisson Grove",275.8173596059113
"Little Bay",185.802
"Little Caribbean",170.3775510204082
"Little Haiti",133.97999999999996
"Little Havana",249.25775
"Little Italy",126.54545454545456
"Little Venice",1812.7064999999998
"Lodi",224
"Logan Circle",190
"Loma Vista",50.5
"Lomita",158.72727272727272
"Lone Mountain",136.66666666666666
"Long Beach",185.21666666666675
"Long Island City",182.3231441048035
"Longueville",64.58666666666667
"Longwood",30
"Los Altos",237.60000000000002
"Los Anonos",154
"Los Balsos n. 1",323.5
"Los Castaños",52.674
"Los Cerritos",176.5
"Los Feliz",221.64814814814818
"Los Granados",33.093
"Los Mirasoles",27.42
"Los Molinos Norte",180.0964
"Los Nietos",205
"Los Retamos",26.24404347826087
"Los Romanes",229.6
"Los Troncos",82.88
"Loteamento Portal da Ferradura",81.675
"Loteamento Praia Baia Formosa",128.04000000000002
"Loteamento Santa Cruz",167.75
"Loteamento Santa Luiza",82.5
"Loteamento Sitio do Campinho",59.4
"Loteamento Triangulo de Buzios",72.47625
"Louise",224
"Louvre - Tuileries",424.4432786885246
"Lower Clapton",194.05864974619283
"Lower East Side",234.01449275362322
"Lower Greenville",131.04
"Lower Haight",329.06
"Lower Holditch",1006.5
"Lower Streatham",128.161
"Lower Sukhumvit",74.86437018633535
"Lucerne - Higuera",364.9423076923077
"Ludlow",290
"Ludovisi",134.64733333333334
"Lugarno",58.82
"Lumiar",39.798
"Lurin",197.86181818181822
"Lyon Hoag",219
"M'pouto",150
"M.10",28.84033333333333
"Madeleine - Vendôme",304.9918324607329
"Madison",175
"Madison Heights",172.72727272727275
"Madison Park",345
"Madrona",95.57142857142857
"Madureira",24.458076923076927
"Magnolia Park",215.79999999999998
"Maida Hill",180.93862068965515
"Maida Vale",221.3995
"Maidenhall",201.3
"Makadi Bay",21.111
"Malabar",115.36628571428571
"Malaga Cove",330.5
"Malasaña",85.411
"Malibou Canyon Townhomes",125
"Malibu",981.1407407407406
"Malibu Canyon",627
"Malvern",192.17828571428572
"Malvern East",249.81199999999998
"Manchester Center",109
"Manchester Square",186.33333333333334
"Mandelieu-la-Napoule",354.71999999999997
"Mandeville Canyon",466
"Mangueira",8.58
"Manguinhos",151.965
"Manhattan Beach",371.5844155844157
"Manhattan Village",811
"Manila",140.473
"Manly",221.21499563318787
"Manor Heights",120
"Manthana Village",24.583
"Mapleton",112
"Mar Mikhael",66.08
"Mar Vista",235.15384615384625
"Maracanã",38.5935
"Marble Hill",107.33333333333334
"Marechal Hermes",20.625
"Maria Joaquina",107.25
"Maria da Graça",10.065
"Marigny/Bywater",957
"Marina",288
"Marina Del Rey",284.0243902439024
"Marina Pointe",270
"Marinas",65.835
"Marine Park",190
"Mariners Harbor",104.25
"Mariposa",181.99999999999997
"Market Estate",253.638
"Maroko",238.614
"Maroubra",189.17094736842105
"Marrickville",117.23936842105263
"Marunouchi",93.76266666666668
"Marylebone",392.7570730593605
"Maré",26.317500000000003
"Mascot",92.2395294117647
"Maspeth",95.6111111111111
"Mataderos",28.860400000000002
"Matraville",132.345
"Mattapan",104.5
"Mausoleo",160.16
"Maxvorstadt",136.64
"Mayfair",725.7263050847458
"Mayville Estate",192.7295
"Maywood",107.11111111111111
"Mazomba",43.56
"Mbao Villeneuve",110.88
"McGinley Square",659.6666666666666
"McLaughlin",297.96875000000006
"McManus",136.2380952380952
"Meadowvale",115
"Meatpacking District",179.7142857142857
"Meguro District",162.63916666666668
"Meier",48.675
"Meireles",80.52
"Melipal",24.180600000000002
"Melrose",261.24999999999994
"Memorial Heights",225
"Menlo Park",1250
"Merkaz HaIr",193.76
"Miami Beach",692.0939999999999
"Mid Central",135.59615384615384
"Mid City",194.46529562982016
"Mid Island",128.625
"Mid-Beach",198.29166666666669
"Mid-City",176.55555555555546
"Mid-Levels",34.007
"Mid-West",349.75
"Mid-Wilshire",299.18982832618013
"Middle Park",215.5460689655172
"Middle Village",210.9230769230769
"Midland Beach",108.70588235294117
"Midtown",416.6022727272728
"Midtown East",516.7936507936508
"Midway",295
"Midwood",105.46666666666667
"Mijas Costa",131.04
"Mildmay Ward",146.5464
"Mile End",161.1812
"Mill Basin",145.25
"Mill Hill",126.9532
"Millbank",358.7469032258065
"Millbrook Park",239.54699999999997
"Millers Point",182.24407547169812
"Millsmont",130
"Milwood",45
"Mimico",174
"Minato District",162.06081012658228
"Mira Loma",151.79999999999998
"Mira Mesa",227.5
"Miramar Ranch North",1100
"Mission Beach",259.85714285714295
"Mission District",271.9125
"Mission Grove",230
"Mission Hill",691
"Mission Hills",213
"Mission Terrace",290
"Mitte",437.92
"Miðbær",99.33
"Moema",132.93772277227728
"Monaco",353.3686
"Monarch Beach",571.75
"Monceau",342.4314049586776
"Moneró",23.677500000000002
"Monrovia",103.91304347826087
"Monserrat",318.4849304703474
"Montano Village",245
"Monte Alto",54.285
"Monte Mar Vista",132
"Monte Serrat",140.91
"Montebello",266.25
"Montecarlo",37.001
"Montecito Heights",253.8
"Monterey",185.27700000000002
"Monterey Hills",111.83333333333333
"Monterey Park",84.95348837209305
"Monteverde Nuovo",97.966
"Monteverde Vecchio",222.772
"Montgomery Center",128
"Montmartre",195.84349537037048
"Montparnasse",273.0886075949368
"Montrose",149.5
"Moo 1",32.208999999999996
"Moo 10",49.8930909090909
"Moo 2",90.67500000000001
"Moo 3",68.1256
"Moo 4",39.711
"Moo 5",46.3822
"Moo 6",25.593600000000002
"Moo 7",107.76775862068965
"Moo 8",109.0332
"Moo 9",669.2466000000001
"Moorpark",157.66666666666666
"Morningside Heights",111.11111111111111
"Morningside Park",170
"Morris Heights",129.9
"Morris Park",135.33333333333334
"Morrisania",167.4
"Morro Da Cocacola",63.64875
"Mortdale",62.28
"Mortlake",53.68
"Mosman",340.9178518518518
"Motspur Park",52.338
"Mott Haven",138.625
"Mount Eden",111.5
"Mount Olympus",371
"Mount Pleasant/Lower Broadway",1362
"Mount Washington",228.65306122448982
"Mountain View",24.715
"Moyeightragh",805.2
"Murray Hill",249.0919587628866
"Mury",513.26
"Muswell Hill",201.95379487179486
"Myatts Field South",98.9054
"Méier",17.281323529411768
"Méribel Village",2020.48
"Nad Al Sheba 1",104.77923076923075
"Nakano District",130.56788209606987
"Naniwa-ku",195.2755
"Naples",332.6521739130435
"Naples Park",198.8
"Naremburn",285.796
"Narwee",226.284
"Nation",150.8373604060914
"Navas",306.88
"Navegantes",42.405
"Near Northside",56.666666666666664
"Neasden",111.61939130434783
"Nerima District",157.85610638297868
"Neukölln",120.78
"Neutral Bay",186.88613333333333
"New Brighton",182.16666666666666
"New Cross",114.83167567567565
"New Dorp Beach",68
"New Orleans East",270
"New Orleans Walk",127.49
"New Springville",200
"Newhall",176.61224489795921
"Newington Green",182.86986666666667
"Newland",261.6666666666667
"Newport",194.73466666666667
"Newport Beach",489.1428571428571
"Newport Coast",198
"Newtonbrook",140.91
"Newtown/Enmore",146.2682358490566
"Nice",441.26471428571426
"Nine Elms",323.65152727272726
"Nishinari-ku",22.785
"Nob Hill",186.66666666666666
"Noel Park",117.49441379310345
"Nogueira",78.2925
"Noho",487.5
"Nolita",312.62500000000006
"Nong Nam Daeng",79.25884210526316
"Norbury",133.2282068965517
"North Acton",223.70886792452825
"North Alamitos Beach",138.30769230769232
"North Arroyo",835.3
"North Beach",355.9
"North Bondi",295.0287368421053
"North Broadway - Holiday",748
"North Central",233.40274509803925
"North City",41.111111111111114
"North End",189
"North Finchley",355.9175714285714
"North Fork",285.4
"North Hills",124.39393939393938
"North Hills East",82.27272727272728
"North Hills West",182.375
"North Hollywood",244.85463659147862
"North Long Beach",164.975
"North Los Altos",127
"North Maida Vale",226.46963829787234
"North Melbourne",149.2673239436619
"North Miami Beach",519.13
"North Park",295.5
"North Park Central",164
"North Philadelphia",71.75
"North Redondo",221.29166666666666
"North Riverdale",107.2
"North Sheen",111.386
"North Shore",1003.4
"North Side",60
"North Strathfield/Concord West",70.0897142857143
"North Sydney",153.90512500000003
"North Whisman",79
"North Williamsburg",275
"North of Montana",473.1304347826087
"Northbridge",393.28666666666663
"Northcote",104.42503225806452
"Northeast",577.5
"Northeast Bellevue",214
"Northeast Los Angeles",166.14427860696517
"Northeast Torrance",210.25
"Northeast Washington",139.83333333333334
"Northfields",201.3
"Northridge",206.97931034482758
"Northridge Acres",229
"Northside",305.42857142857144
"Northwest Berkeley",37.82
"Northwest Dallas",856.5
"Northwest District",117
"Northwest Side",158
"Northwest Torrance",142.8695652173913
"Northwest Washington",197.4
"Northwood",197
"Norwalk",104.36363636363635
"Norwood",154.02660944206005
"Nossa Senhora de Fátima",71.115
"Notre Dame - Ile de La Cité",370.4145454545455
"Notre-Dame-des-Champs",309.68
"Notting Hill",258.8857490494297
"Nova Esperança",44.55
"Nové Město",329.28
"Nueva Córdoba",118.72
"Nueva Pompeya",17.521
"Nunhead",175.02933333333343
"Núñez",34.06419200000002
"OGIVA",74.0025
"Oak Lawn",285
"Oak Park",260.5
"Oak Tree Meadows",67
"Oakdale South",345.5
"Oakland Hills",35.929
"Oakmont",89
"Oatley",83.04
"Ocean Hill",161.3623188405799
"Ocean Park",314.2658227848101
"Ogiva",90.05333333333334
"Olaria",24.95625
"Old Allentown",49.5
"Old Aurora",364
"Old Ford",308.66
"Old Lakewood City",136.66666666666666
"Old Pasadena",200
"Old Southside",187
"Old Street",357.64300000000003
"Old Topanga",331.4
"Old Torrance",143.94736842105263
"Old Town",254.98000000000002
"Old Town Torrance",97.45454545454545
"Old West Austin",85
"Ontario Ranch",153.8947368421053
"Open Door",141.825
"Oppède le Vieux",164.64
"Opéra - Grands Boulevards",351.41413551401877
"Orange",335.3333333333333
"Orangecrest",173
"Orchard",205.809
"Orchard Hills",513.3333333333333
"Ormond/McKinnon",207.79771428571428
"Orr's Island",141
"Oswaldo Cruz",33.495
"Ota District",144.56852173913038
"Ottawa",514
"Oval",421.388
"Over-The-Rhine",85
"Oxnard Shores",1223
"Ozone Park",93.73333333333332
"P",84
"Pacific - Edison",177.58823529411765
"Pacific Beach",599.665
"Pacific Heights",175.28
"Pacific Palisades",441.89473684210526
"Pacifica",220.2857142857143
"Paciência",62.205
"Pacoima",158.2
"Paddington",291.9986237623762
"Padre Miguel",31.845
"Padstow",38.68280000000001
"Pakistan Town",268.4
"Palais Royal",307.94983520599254
"Palermo",74.7620647205252
"Palermo Chico",60.51990322580645
"Palermo Hollywood",48.666739972960734
"Palermo Soho",40.382
"Palm Beach",698.1646106870227
"Palmeiras",57.75
"Palmers Green",102.88666666666667
"Palms",101.10769230769232
"Palo Alto",316.3333333333333
"Palos Verdes",544
"Panorama City",78.5
"Panoramic Hill",440.16
"Panthéon",257.5333920704844
"Paquetá",65.30192307692307
"Parada de Lucas",57.75
"Paradise Valley Village",680
"Paramount",40
"Parana 673",26.474
"Paraíso",252.45000000000002
"Parione",210.72750000000002
"Park Cities",199
"Park Estates",120
"Park Mesa Heights",250
"Park Royal",240.218
"Park Slope",238.29214659685871
"Park West",153.11111111111111
"Parkchester",69.71428571428572
"Parkville",109.43851851851852
"Parque Alvorada",40.59
"Parque Avellaneda",34.038
"Parque Chacabuco",93.00753333333333
"Parque Chas",38.50416666666667
"Parque Guararapes",27.225
"Parque Leopoldina",38.445
"Parque Mambucaba",49.5
"Parque Patricios",29.87233333333333
"Parque Zabulao",49.5
"Parque das Nações",241.56
"Parque das Palmeiras",28.233
"Parque do Castelo",29.7
"Parque do Inga",67.595
"Parsons Green",317.89295999999996
"Partenon",67.155
"Pasadena",177.37822222222218
"Pasing - Obermenzing",275.52
"Passagem",71.83
"Passy",340.0784905660379
"Pathum Wan",131.93511428571435
"Pavuna",20.24
"Peachtree Battle Alliance",120
"Peakhurst",48.786
"Pechincha",43.364605263157905
"Peckham",108.031
"Pedra de Guaratiba",132
"Pedralbes",65.8
"Pedro do Rio",85.1125
"Pelanconi",178
"Pelham Bay",122.14285714285714
"Pelham Gardens",120
"Pelican",325
"Pena",214.66666666666666
"Penedo",85.90607142857141
"Penha",32.950500000000005
"Penha Circular",17.82
"Peninsula",321.58333333333337
"Pennsport",206.4
"Perry Vale",102.08146666666667
"Peró",134.64000000000001
"Petersham",71.622
"Pevani",191.24
"Phasi Charoen",24.1955
"Phaya Yen",81.344
"Phillips Ranch",86.86666666666666
"Phra Khanong ",43.98668027210883
"Phrom Phong",29.8375
"Pico",193.52830188679243
"Pico - Robertson",257.35897435897436
"Pico Rivera",115.19999999999999
"Pico-Robertson",282.5
"Pico-Union",177.85714285714286
"Piedade",13.035
"Pigalle - Saint-Georges",222.53488372093025
"Pilares",28.00875
"Pimlico",283.452406153846
"Pin Charoen 1 Village",128.65
"Pinar de Festa",17.861
"Pine Beach",31.3015
"Pinheiros",101.28958333333334
"Pinklao",53.33978723404257
"Pirangi do Norte",34.32
"Piso 1° 'B'",18.91
"Pitangueiras",29.975
"Place d'Italie - Quartier Chinois",181.58476190476202
"Plaistow",130.174
"Playa Arenos",70.913
"Playa Guiones Norte",300
"Playa Vista",209.4
"Playa del Rey",313.19466666666665
"Playhouse Village",133.55555555555557
"Plaza",211.63636363636365
"Plumstead",40.26
"Poblados Marítimos",132.52866666666665
"Point Loma",188.5
"Point Piper",178.19
"Poipu",743.25
"Poly High",88.625
"Pom Prap Sattru Phai ",59.07911111111111
"Ponnangipuram",41.726
"Ponta Negra",78.06550000000001
"Ponta da Cruz",525.1949999999999
"Ponta da Praia",49.5
"Pontal",80.19
"Ponte",215.04
"Ponte dos Leites",57.75
"Popincourt (XI Arrondissement)",110.32000000000001
"Poplar",248.98241975308636
"Porh Nèze",1140.7
"Port Cogolin",254.24
"Port Melbourne",201.32450980392153
"Port Morris",135
"Port Richmond",95.71428571428571
"Port-Royal",220.8442352941176
"Porta",83.776
"Portal do Vale",31.1025
"Porte de Clignancourt",148.2312328767124
"Porte de Versailles",214.86811881188115
"Porter Ranch",214.66666666666666
"Portinho",65.175
"Porto Belo",18.975
"Porto Frade",92.895
"Porto de Galinhas",207.9
"Portogalo",74.25
"Portuguesa",34.64541666666668
"Posse",50.589
"Potts Point",147.17797260273974
"Praca da Bandeira",37.3725
"Prado",309.12
"Prague 2",183.854
"Prague 5",212.036
"Prahran",160.2713939393939
"Prahran/Windsor",259.2363809523809
"Praia Grande",447.8925
"Praia de Armação do Itapocorói",66.165
"Praia de Boiçucanga",108.075
"Praia de Iracema",20.955
"Praia de Itaparica",44.55
"Praia do Morro",60.5
"Prainha",73.25999999999999
"Prainha de Mambucaba",28.05
"Prati",119.84
"Prawet",68.25609523809524
"Praça Seca",35.0625
"Praça da Bandeira",37.03218749999999
"Prenzlauer Berg",325.7203333333334
"Prescott",58
"Presidio Monterey",186
"Presnenskiy",1533.446
"Preston",152.759
"Primrose Hill",441.8375238095239
"Prince's",20370.889000000003
"Prince's Bay",170
"Prospect Heights",227.35000000000002
"Prospect Lefferts Gardens",127.51063829787235
"Provençals del Poblenou",161.94181818181815
"Provetá",32.175
"Providence",163
"Pueblo",150
"Puerto Madero",110.17415094339619
"Puerto Pañuelo",324.307
"Punta Cancun",28.7698
"Putney",447.2973305084744
"Putney Heath",84.546
"Pyrmont",204.8114098360656
"Père Lachaise - Ménilmontant",149.7505882352941
"Périer",79.52
"Quaid Block",447.1238021978021
"Queen Anne",107.53916666666666
"Queen's Park",371.54889655172417
"Queens Park",546.4333333333334
"Queens Village",200.63636363636363
"Quesada",110.88
"Quinta Santa Ana",29.311
"Quintino Bocaiúva",13.53
"R. Bandeirantes",47.7675
"RB of Greenwich",148.36591089108904
"RB of Kensington and Chelsea",196.52844444444443
"RB of Kingston upon Thames",103.21301098901104
"Ramona",212.5
"Ramos",21.82125
"Rampart Village",83
"Rancho Estates",380
"Rancho Palos Verdes",588.7096774193548
"Rancho Park",374.5
"Randall Manor",80
"Randwick",180.4611794871795
"Rasa",63.195
"Rat Burana",23.017500000000002
"Ratchathewi/Phaya Thai",59.623095785440576
"Ratcliff",139.568
"Rathfarnham",240
"Raynes Park",136.7751891891892
"Realengo",24.805
"Recanto de Itaipuaçu",28.05
"Recoleta",47.8136622516557
"Recoletos",162.02666666666667
"Recreio",26.235
"Recreio dos Bandeirantes",69.03480136208856
"Recreio dos bandeirantes",26.4
"Recreio dos bandeirantes ",41.085
"Red Hook",178.76190476190482
"Redfern",131.99456410256414
"Redondo Beach",196.53932584269666
"Redwood City",300
"Región 012",88.5
"Rego Park",130.63636363636363
"Reino",66
"Remsenburg",2639
"República",152.35000000000002
"Reseda",145.5299145299145
"Reserva do Pero",173.25
"Retiro",39.63108730158729
"Revesby",108.44628571428572
"Rhodes",70.584
"Riachuelo",36.7125
"Rialto",46.53
"Ribeira",178.068
"Richland Acres",190.33333333333334
"Richmond",197.75873720136516
"Richmond Grove",40.672
"Richmond Hill",79.35135135135134
"Ridgewood",133.57575757575754
"Riggat Al Buteen",47.440333333333335
"Rillito Park",267
"Rio Branco",57.75
"Rio Comprido",35.97868421052632
"Rio Tavares",82.5
"Rio Vermelho Povoado",174.918
"Rio das Pacas",40.26
"River Market",63.43
"River West",914
"Riverdale",148.25
"Riverpark",331
"Riverside",285.3333333333333
"Riverside Rancho",153.58823529411765
"Riverview",346
"Riverview West",272
"Riverwalk District",79
"Riverwood",119.024
"Riviera",260.63157894736844
"Riviera de São Lourenço",27.555
"Rocha",29.393571428571423
"Rocha Miranda",15.213
"Rocinha",19.635
"Rockaway Beach",101.5
"Rockaway Park",169.375
"Rockdale",56.65749999999999
"Rockhill",626.714
"Roehampton",205.99699999999996
"Rolling Hills",149
"Rolling Hills Estates",260
"Rolling Ridge",229.33333333333334
"Roma Norte",79.5775
"Roosevelt Island",117.00000000000001
"Roppongi",145.42553030303029
"Roquebrune-Cap-Martin",150.82666666666668
"Roquebrune-sur-Argens",232.015
"Rosales",110
"Rose Bay/Dover Heights",168.95446153846154
"Rose Park South",170.58823529411765
"Rosebank",106.22222222222223
"Rosebery",170.924
"Rosedale",115
"Roselands",85.6696
"Rosemead",117
"Rossmoyne",450
"Rossville",65
"Rotherhithe",131.89176000000003
"Royal Arsenal",214.48862068965522
"Royal Docks",281.6081052631579
"Royal Palm Community",109
"Rummelsburg",93.42
"Russell Lea/Rodd Point",121.1
"République",207.5396915584416
"SHIN",90.75
"Saavedra",30.254026315789474
"Sabino Vista Hills",297
"Sagepointe",169
"Sagrada Família",36.3
"Sai Wan",44.18533333333334
"Sai Ying Pun",71.968
"Saint Bruno",140
"Saint Lawrence",188.5
"Saint Pancras",335.3881666666666
"Saint-Germain-des-Prés - Odéon",356.3614377406934
"Saint-Jean-Cap-Ferrat",1002.4
"Saint-Lazare",229.63555555555553
"Saint-Michel",236.43067193675893
"Saint-Paul - Ile Saint-Louis",291.1844444444445
"Saint-Raphaël",369.376
"Saint-Tropez",153.72
"Sainte-Avoye",171.36
"Sainte-Lucie-de-Porto-Vecchio",100.8
"Sainte-Maxime",236.32
"Sallustiano",100.8
"Sam Hughes",217
"Samanes 4",148
"Sampaio",27.286875
"San Blas",79.559
"San Clemente",242.66666666666666
"San Cristóbal",33.992687499999995
"San Gabriel",128.36206896551724
"San Giovanni",768.73
"San Gorgonio",110.18181818181817
"San Marino",169
"San Martin de los Andes",31.468
"San Martín de los Andes",61.9035
"San Miguel",39.32775
"San Nicolás",43.23368438003224
"San Pedro",175.8108108108108
"San Polo",210.56
"San Telmo",39.94215644171777
"Sandpointe",163
"Sands End",271.023
"Sans Souci",436.65200000000004
"Sant Andreu de Palomar",294.56
"Sant Antoni",203.3689975550121
"Sant Genís dels Agudells",249.2
"Sant Gervasi - Galvany",214.3883636363636
"Sant Gervasi - la Bonanova",229.3025
"Sant Martí de Provençals",123.25894736842105
"Sant Pere/Santa Caterina",112.3982222222222
"Santa Catarina",190.39999999999998
"Santa Cecília",240.8
"Santa Clara",242.5
"Santa Cruz",67.86180555555555
"Santa Efigênia",93.80250000000001
"Santa Fe",97
"Santa Monica",341.00465116279094
"Santa Rosa",35.0625
"Santa Severa",463.68
"Santa Teresa",60.92712914485162
"Santo Cristo",36.135
"Santo Spirito-San Frediano",638.9541904761904
"Sants-Montjuïc",149.81720670391059
"Santíssimo",17.325
"Sanur",294.56
"Sao Lourenco",25.795
"Saphan Sung",50.375
"Sarmiento",30.256500000000003
"Sarrià",190.89777777777778
"Sathorn",48.743989547038346
"Saugus",151.96
"Sawtelle",260.8
"Saúde",45.95066666666667
"Schaerbeek",130.174
"School",156
"Schwabing - West",369.05
"Sea Gate",2136
"Seaforth",472.52066666666667
"Seagate",131.76923076923077
"Seaside",293.5
"Seccombe Lane",149
"Sector C",50.325
"Seminyak",1038
"Seminário",81.51
"Senador Camará",14.85
"Sentier",123.2
"Sepetiba",85.305
"Setagaya District",118.49550442477874
"Setiba",26.4
"Setor Bela Vista",41.415
"Setor Sudoeste",59.3175
"Setor de Clubes Esportivos Sul",82.005
"Shadow Hills",138.6
"Shadwell",210.023
"Shasta-Hanchett Park",87.11111111111111
"Shaw",140
"Sheepshead Bay",161.72916666666663
"Shepherd's Bush",163.5262315789474
"Sherman Hill",135
"Sherman Oaks",322.10486891385773
"Sherwood Forest",60
"Sheung Wan",51.68375
"Shibuya",210.83319178082192
"Shibuya District",159.55926666666664
"Shilin",88.572
"Shimogyō-ku",312.42120000000006
"Shimokitazawa",189.93908620689655
"Shinagawa District",152.42312676056338
"Shinjuku",137.90270050761424
"Shinjuku District",170.0312085635357
"Shinsaibashi",350
"Shore Acres",132.5
"Shoreditch",246.4905037878789
"Siam",74.3241847826087
"Sierra Madre",191.2
"Signal Hill",163.5
"Silom",63.502942917547564
"Silver Lake",221.8857193460491
"Silver Strand",161
"Silverwater/Newington",41.32228571428571
"Skid Row",284.5
"Slanchev Bryag",108.702
"Smart Corner",155
"Smithfield",385.154
"Snaresbrook",651.03775
"SoMa",147.25
"Sofia Center",276.64
"Soho",413.6521343283582
"Soledade",47.355
"Somers Town",195.29295238095247
"Somerset",253.625
"Soundview",92.4
"South Arroyo",269.5
"South Bank",268.97390909090916
"South Beach",389.61999999999995
"South Broadway",103.8
"South Central Houston",170.88133333333334
"South Coast",434
"South Coast Metro",200.66666666666666
"South Columbus",33.6
"South Commons",271.6666666666667
"South Coogee",468.83000000000004
"South Dallas",336.842
"South El Monte",162.5
"South Gate",113.00000000000001
"South Hampstead",330.93719999999996
"South Hill/Rathnelly",350
"South Kensington",375.50004304635786
"South Kuta/Bukit Peninsula",138.22599999999997
"South LA",188.3200000000001
"South Lake Tahoe",775.75
"South Lamar",175
"South Lambeth",170.9471176470588
"South Los Angeles",164.9508599508601
"South Melbourne",193.59812865497082
"South Montebello",164.81896551724137
"South Mountain Village",77
"South Norwood",162.15833333333333
"South Ozone Park",185.10000000000002
"South Park",243
"South Pasadena",165.5945945945946
"South Redondo",218.5730337078651
"South Richmond Hill",385
"South Robertson",194.835294117647
"South San Gabriel",79
"South Sanford",237.5
"South Scottsdale",649.3333333333333
"South Side",129.14475
"South Slope",221.83333333333334
"South Tottenham",167.7919375
"South Wharf",161.11242857142858
"South Whittier",118.5
"South Williamsburg",180
"South Woodford",56.364
"South Wrigley",160.64285714285714
"South Yarra",140.51953642384098
"South of Conant",296.80851063829795
"South of Nevsky",89.6
"Southbank",177.57713004484302
"Southeast Anaheim",809.3333333333334
"Southeast Annadale",70
"Southeast Raleigh",80
"Southeast Torrance",81
"Southeast Washington",46.666666666666664
"Southfields",151.68547058823532
"Southridge Village",158
"Southside",154.54711864406775
"Southwark",243.4266
"Southwest Hills",228
"Southwest Houston",83.33333333333333
"Southwest Raleigh",135
"Southwest Waterfront",115
"Southwood",108.6
"Southwood Riviera",274
"Sovana",119
"Sparr Heights",364.0909090909091
"Spins",155.064
"Spintex Road",79.178
"Spitalfields",259.006
"Spotswood/South Kingsville",76.293
"Spring Creek",154.5
"Springfield Gardens",174.75
"Springs 10",51.52
"Spuyten Duyvil",77.5
"St George's Fields",396.4884594594595
"St John's Wood",543.8455
"St Katharine's & Wapping",167.75
"St Kilda",149.61821052631578
"St Kilda East",144.09466666666665
"St Leonard's",155.00099999999998
"St Leonards",148.074431372549
"St Martí",100.8
"St Peters",127.328
"St. Albans",129.4
"St. Ann's",60.39
"St. George",107.36363636363636
"St. James's",385.1540000000001
"St. John's Wood",205.69199999999998
"St. Luke's",183.2788571428572
"St. Pancras",321.00640000000004
"Stadionbuurt",26.35
"Stamford Hill",59.048
"Stanmore",102.91710344827585
"Stapleton",89.33333333333333
"Stapleton Heights",96.53846153846155
"Stepney",167.16711111111113
"Stepney Green",116.21061349693257
"Stockdale West",221
"Stockwell",152.18280000000007
"Stoke Newington",168.40066666666667
"Stratford",155.7445405405406
"Stratford Square",313
"Strathfield",115.21800000000002
"Streatham",106.45156923076922
"Streatham Hill",50.996
"Streatham Wells",46.97
"Streeterville",289
"Stroud Green",166.408
"Studio City",547.6916666666664
"Studio Village",203.5
"Stuyvesant Heights",202.3076923076923
"Suan Luang",40.37392307692306
"Suginami District",97.63137857142858
"Suiço",86.955
"Sumaré",75.405
"Sumida District",111.86877011494256
"Summer Hill",152.93200000000002
"Summit Heights",79
"Sun Valley",130.44444444444446
"Sunkist Park",161.85714285714286
"Sunland",225
"Sunland-Tujunga",220.14285714285714
"Sunland/Tujunga",208.66666666666669
"Sunny Isles Beach",42.548
"Sunnyside",110.1791044776119
"Sunrise",140
"Sunset Beach",287.9
"Sunset Park",157.6865671641791
"Sunset Strip",370.52941176470586
"Surry Hills",172.8353373493976
"Sutton",80.52
"Sydenham",95.9849523809524
"Sylmar",165.6363636363636
"Sylvan Heights",242
"Sylvia Park",335.578947368421
"São Bento",28.908
"São Brás",82.5
"São Conrado",312.48708333333326
"São Cristóvão",36.69078947368421
"São Cristóvão e São Lourenço",127.2295
"São Francisco",45.54
"São Francisco Xavier",56.595
"São Lourenço",353.76
"São Mateus",41.25
"São Miguel",78.86999999999999
"São Paulo",390.4
"São Pedro da Serra",42.24
"São Sebastiao",80.685
"Table Rock",250.2
"Tahquitz River Estates",1219
"Tai Hang",2415.6
"Tai Kok Sui",217
"Tai Wai",30.566000000000003
"Taling Chan",43.95111111111111
"Tamarama",341.94685714285714
"Tanque",30.195
"Taperapuan",103.481
"Taquara",40.12973684210527
"Tarzana",288.1139240506328
"Tatemville",100
"Tauá",36.8775
"Tempe/Sydenham",110.86568421052631
"Temple",598.2636
"Temple (III Arrondissement)",246.4
"Temple Bar",145.6
"Temple City",78.37500000000001
"Teodoro García 2380",31.202
"Ternes",259.7995591397853
"Terézváros - District VI.",611.8000000000001
"Thamesmead",134.2
"Thamesmead West",137.555
"Thawi Watthana",64.17
"The Angel",261.55580000000003
"The Annex",180
"The Fairways",303.5
"The Flats",973.6666666666669
"The Heights",95.28571428571429
"The Hill",64.14285714285714
"The Lakes",1034.5
"The Rockaways",237.2692307692308
"The Rocks",365.92959999999994
"The Views",167.75
"The West End",537.9573211009175
"Thonburi",48.4363867403315
"Thong Lo",123.82767647058824
"Thornbury",108.87466666666666
"Throgs Neck",121.25
"Thung Khru",12.4
"Thurlow Park",217.404
"Tijuca",56.88718750000002
"Tijuca ",15.18
"Times Square/Theatre District",362.6
"Tlacoquemecatl",39.115
"Todos os Santos",34.2375
"Todt Hill",1400
"Toluca Lake",164.00000000000003
"Toluca Terrace",181.66666666666666
"Tompkinsville",87.7
"Tomás Coelho",18.975
"Toninhas",104.445
"Toorak",313.4760000000001
"Tooting",187.88
"Tooting Bec",224.71044444444445
"Topanga",299.93162393162396
"Torrance",129.72727272727275
"Torrance Beach",160
"Torre Baró",293.44
"Torres de Abasto",34.85766666666667
"Toshima District",114.32695485327321
"Tottenham",83.44082352941176
"Tottenham Hale ",53.68
"Tottenville",135.66666666666666
"Tour Eiffel - Champ de Mars",330.2511873767256
"Tour Eiffel - Champs de Mars",182.71999999999997
"Town Homes III At Legacy Town Center",150
"Townsite",158
"Traffic Circle Area",138.99999999999997
"Trastevere",99.20333333333335
"Travis - Chelsea",70
"Treme",161
"Tremont",93.9375
"Tri-West",273.945945945946
"Triana",161.28
"Tribeca",366.6666666666667
"Trieste",78.4
"Trinity-Bellwoods",175.71233333333333
"Tropico",181.49019607843138
"Trousdale Estates",200
"Truckee",177.5
"Truxton Circle",57
"Tsentar",99.30799999999999
"Tsuen Wan",129.31650000000002
"Tsukiji",106.52980701754387
"Tujunga",92.44444444444444
"Tullygay",126.148
"Tulse Hill",124.73144444444446
"Tulum Centro",225.894
"Turiaçu",28.05
"Turó de la Peira - Can Peguera",39.648
"Tustin Legacy",164.325
"Twin Peaks",183
"Tyburnia",332.1283312000005
"Tzafon Yashan",116
"Uccle",254.98
"Ultimo",191.01762962962962
"Unamar",40.5075
"Union Square",395.1111111111111
"University",180.5
"University City",250
"University Heights",130.25
"University Park",230.44444444444443
"University South",208
"Unknown",177.6928219396745
"Upper East Side",187.56842105263152
"Upper Sukhumvit",80.68252539062503
"Upper Tooting",152.11570000000003
"Upper West Side",315.5423728813561
"Upper Westside",108
"Upton Park",44.286
"Uptown",209
"Urbanització Bassetes",224.56
"Urbanizacion Cumbres de la escalon",167
"Urbanización Doña Lola",263.2
"Urbanización Princesa Kristina",181.44
"Urbanización la Almedia",170.24
"Urca",71.115
"Utako",134.2
"Utopia",90
"VI Arrondissement",278.88
"Valencia",151.56818181818176
"Vallauris",353.617
"Vallcarca i els Penitents",247.19483870967744
"Valley Glen",209.96
"Valley Traditions",145
"Valley View",126.66666666666667
"Valley Village",202.64583333333331
"Van Nest",193.1578947368421
"Van Nuys",206.57499999999987
"Vargem Grande",66.45375
"Vargem Pequena",53.686875000000015
"Vargem do Lobo",38.775
"Vassal",197.74764705882353
"Vauban",123.2
"Vaucluse/Watsons Bay",375.75600000000003
"Vaugirard",250.36783919597997
"Vauxhall",294.27127152317877
"Venice",327.47565326633156
"Verdugo Viejo",250.83333333333331
"Verdugo Woodlands",194.4
"Verdum - Los Roquetes",77.48363636363636
"Vicente Lopez",125.336
"Vicente de Carvalh",22.275
"Vicente de Carvalho",39.6
"Victoria",134.2
"Victoria Island",167.75
"Victory Monument",66.23105714285714
"Vidigal",57.15922712933755
"Vieille Ville",403.2
"View Park",214.94117647058823
"Vigário Geral",17.490000000000002
"Vila Caiçara",43.89
"Vila Capri",74.25
"Vila Clementino",37.62
"Vila Curti",68.508
"Vila Ida",21.45
"Vila Imperial",104.94
"Vila Isabel",29.687058823529416
"Vila Luiza",25.905
"Vila Mariana",90.09
"Vila Muriqui",37.661249999999995
"Vila Nova",113.85000000000001
"Vila Olímpia",83.325
"Vila Poran",33
"Vila Rachid",53.955
"Vila Rica",32.835
"Vila Santa Cecília",51.15
"Vila Suissa",26.4
"Vila Uberabinha",57.75
"Vila Valqueire",51.5625
"Vila da Penha",34.980000000000004
"Vila de Gràcia",177.57451327433637
"Vila de Ponta Negra",29.7
"Vila do Abraão",11.962499999999999
"Vilapicina i la Torre Llobeta",89.8635294117647
"Vilatur",44.715
"Villa Alpina I",23.231
"Villa Crespo",44.25831782945737
"Villa Devoto",38.530892857142874
"Villa General Mitre",17.019
"Villa Lugano",27.42
"Villa Luro",26.947000000000003
"Villa Nahuel Malal",66.185
"Villa Ortúzar",26.76390909090909
"Villa Pueyrredón",24.0095
"Villa Santa Rita",20.262500000000003
"Villa Urquiza",38.90438095238096
"Villa del Parque",44.08282352941176
"Village Rio das Ostras",61.56857142857143
"Village São Roque",19.8
"Village de Búzios",82.5
"Ville-Marie",171.5
"Villefranche-sur-Mer",672
"Vincente de Carvalho",21.285
"Vinegar Hill",468.83333333333337
"Vineyard",165.98741176470588
"Vineyard Haven",295.625
"Vinohrady",117.42499999999998
"Virgen Misiónera",26.474
"Virginia",603.9
"Virginia-Highland",110
"Várzea",55
"Várzea da Barra Funda",33.165
"Vélez Sársfield",47.2068
"Waianae Coast",150
"Waikiki",505.5
"Wakefield",103.41666666666666
"Walnut Valley",146.70370370370367
"Walnut Village",188
"Walteria",144.11111111111111
"Walthamstow",134.96685714285712
"Walworth",230.51120300751884
"Wan Chai",402.6
"Wandsworth",200.0346857142857
"Wang Thonglang",65.34473684210526
"Wapping",163.36395121951224
"Washington",160.42857142857142
"Washington Culver",298.3333333333333
"Washington Heights",102.43055555555556
"Washington Square West",32.92481818181818
"Watcharapol",70.525
"Waterfront",189.28
"Waterloo",141.70272727272723
"Watermael-Boitsfort",145.6
"Watthana",1287.678
"Watts",23.749999999999996
"Waverly",177.38266666666667
"Wesley Heights",65.33333333333333
"West",185.196
"West Acton",80.52
"West Adams",104.80769230769234
"West Anaheim",261.25
"West Athens",127
"West Atherton",133
"West Beach",516.9333333333334
"West Brighton",72.3913043478261
"West Bronx",100.54
"West Cornwall",139
"West Covina",131.25925925925927
"West Dulwich",114.51733333333334
"West Ealing",190.72504
"West End",223.8988888888889
"West Farms",151.5
"West Fens",319
"West Gateway",125.25
"West Green",75.37566666666666
"West Hampstead",209.18425
"West Hills",209.29545454545453
"West Hollywood",224.77419354838713
"West Hollywood West",328.8108108108108
"West Kensington",75.152
"West Los Angeles",167.1494845360825
"West Melbourne",138.45766666666665
"West Norwood",100.47106666666667
"West Philadelphia",637
"West Rancho Dominguez",55
"West Torrance",90
"West Town",2028
"West Town/Noble Square",118
"West University",248
"West Village",244.55319148936172
"West Whittier",161.5
"West Wimbledon",142.923
"Westbourne Green",372.71931914893605
"Westchester",201.7125
"Westchester Square",150
"Westchester Village",76
"Westchester/Playa Del Rey",240.46357615894038
"Westdale",276.25
"Westerleigh",135
"Western Addition",95.2
"Western Addition/NOPA",164
"Western Malibu",916.375
"Westfield",800
"Westlake",195.34033613445385
"Westlake North",95
"Westminster",423.1879344262295
"Westmont",123
"Westover",418.3333333333333
"Westside",149.230283911672
"Westside Village",111.75
"Westwood",244.58115183246076
"Whetstone",45.628
"White City Living",390.96933333333334
"Whitechapel",276.37744444444445
"Whitechapel/Brick Lane",251.77332183908052
"Whitely",28.458
"Whitestone",110.14285714285714
"Whitmore Estate",334.90355555555556
"Whitney Ranch",95
"Whittier",139.8846153846154
"Willard",144.75
"Willesden",78.28333333333335
"Willesden Green",67.1
"Williamsbridge",103.06060606060608
"Williamsburg",240.17956293706294
"Williamstown",178.0199322033898
"Willmore",176
"Willoughby",313.87142857142857
"Willow - Rose Hill",655
"Willow Creek",130.16666666666666
"Willow Glen",202.99999999999997
"Willowbrook",449.5
"Willowdale",42.501
"Wilmington",126
"Wilshire Center",212.58823529411765
"Wilshire Montana",259.7948717948718
"Wimbledon",196.5764736842105
"Wimbledon Chase",167.6349714285714
"Winchmore Hill",261.69
"Windsor",96.75418181818182
"Windsor Hills",156.875
"Windsor Terrace",257.9393939393939
"Windy Hill",124
"Winnetka",108.37837837837837
"Winstanley Estate",184.35725
"Wolli Creek",96.41866666666667
"Wollstonecraft/Waverton",178.709
"Wood Green",238.10914285714287
"Woodberry Down",227.94828571428573
"Woodbury",211.66666666666666
"Woodford",61.06099999999999
"Woodhaven",66.57894736842103
"Woodland Hills",266.7451623931624
"Woodland Hills/Warner Center",220.2323232323232
"Woodside",93.04651162790701
"Woodstock",88.88888888888889
"Woollahra",275.3826506024097
"Woolloomooloo",184.13490909090905
"Woolwich",200.25622222222222
"Wrigley Heights",52.6
"Wuse",192.67285714285714
"Wynwood",183.125
"Wynwood Art District",221.2
"X Arrondissement",198.19520000000003
"XANGRI-LÁ",112.86
"XI Arrondissement",203.11692307692311
"XIII Arrondissement",108.64
"XIV Arrondissement",95.2
"XV Arrondissement",89.6
"XVI Arrondissement",822.0800000000002
"Yan Nawa",46.14177777777777
"Yarraville/Seddon",122.73950769230767
"Yeonhui",70
"Yorktown",250
"Yorkville",116.25
"Za'abeel 2",282.0351666666666
"Zacarias",89.76
"Zetland",141.1936296296296
"Zilker",130.096
"Zona 4",34.875
"Zona 5",156.352
"Zona 7",90.58500000000001
"Zona 9",72.8
"Zona Sin Asignación de Nombre de Colonia 1",55
"Zumbi",18.975
"el Fort Pienc",212.1871698113209
"entre las calles Iberá y Quesada ",28.365
"g.k. Lazur",44.286
"g.k. Varusha - north",397.232
"hampstead heath",354.288
"la Sagrada Familia",280.20740740740746
"la Sagrada Família",195.9288888888889
"loja",68.64
"montevideo ",28.365142857142857
"thames",37.82
"vale do castelo",57.75
"zh.k. Mladost",107.36
"Újbuda - District XI.",104.676
"Đồng Cao",406.56
"Žižkov",187.88
"جنوب البرشاء",630.56
"زعبيل ٢",251.12175000000002
"หมู่ที่ 9",128.53633333333335
